Description,Link
Search,/search/
,#
About Women's Health,/about/a24170223/about-womens-health/
Subscribe,https://shop.womenshealthmag.com/womens-health-all-access-membership.html?source=whl-panelnav
My Bookmarks,/my-stuff
Shop,https://shop.womenshealthmag.com/?source=whl_hamburger
Sale,https://shop.womenshealthmag.com/womens-health-sale.html?source=pre_hamburger
Fitness,https://shop.womenshealthmag.com/womens-health-fitness.html?source=whl_hamburger
Weight Loss,https://shop.womenshealthmag.com/womens-health-weight-loss.html?source=whl_hamburger
Merchandise,https://shop.womenshealthmag.com/merchandise.html?source=whl_hamburger
Editors’ Picks,https://shop.womenshealthmag.com/editors-picks.html?source=whl_hamburger
Sex & Love,/sex-and-love/
Relationships,/relationships/
Weight Loss,/weight-loss/
Keto,/keto-diet-guide/
Health,/health/
Fitness,/fitness/
Food,/food/
Beauty,/beauty/
Life,/life/
Horoscopes,/horoscopes/
Valentine's Day,/valentines-day/
Mother's Day,/mothers-day/
Summer,/summer-guide/
Gift Guides,/gifts/
Exclusive Content,https://www.womenshealthmag.com/exclusives/
Workout Wednesday,https://www.womenshealthmag.com/workout-wednesday/
Heart Health Month,https://www.womenshealthmag.com/lipton-heart-health-tips/
WH Promotions & Events,/about/a19450269/promotions/
WHMH Fitness Equipment,https://www.amazon.com/stores/+Women%27s+Health+Men%27s+Health/page/4FF43C7C-7888-48A8-8609-7628914190AA?ref_=ast_bln&_encoding=UTF8&tag=wh-lift-20&linkCode=ur2&linkId=b6231069deb489ab765d0e662bfc326d&camp=1789&creative=9325
Newsletter,https://www.womenshealthmag.com/email/womenshealthmag-newsletter
Follow,#follow
Facebook,https://www.facebook.com/womenshealthmagazine
Twitter,https://twitter.com/womenshealthmag
Google+,https://plus.google.com/+WomensHealthMag
Pinterest,https://www.pinterest.com/womenshealthmag
Instagram,https://www.instagram.com/womenshealthmag
Youtube,https://www.youtube.com/user/WomensHealthMag
Win,http://sweepstakes.womenshealthmag.com
United States,/
US,/
UK,/uk/
España,/es/
Nederland,/nl/
Japan,/jp/
Your Privacy Choices,/about/a42159672/do-not-sell-my-personal-information/
Privacy Notice,https://www.hearst.com/-/us-magazines-privacy-notice
Terms Of Use,https://www.hearst.com/-/us-magazines-terms-of-use
Skip to Content,#main-content
,#sidepanel
,/
Health,/health/
Fitness,/fitness/
Beauty,/beauty
Life,/life/
Relationships,/relationships/
Subscribe,https://shop.womenshealthmag.com/womens-health-all-access-membership.html?source=whl-topnav
sign in,/auth/csrf?action=login&return_url=/
Why Trust Us?,https://www.womenshealthmag.com/about/a24170223/about-womens-health/
Sex and Love,/sex-and-love/
"How To Do The Amazon Sex Position, Per A Sex Therapist",/sex-and-love/a38014540/amazon-sex-position/
Gabrielle Kassel,/author/217570/gabrielle-kassel/
pleasure product,https://www.womenshealthmag.com/sex-and-love/g19984127/best-couples-sex-toys/
sex position,https://www.womenshealthmag.com/sex-and-love/a19943165/sex-positions-guide/
K-Y,https://www.k-y.com/?gclsrc=aw.ds&?cb=
Shannon Chavez,https://drshannonchavez.com/
flexibility),"https://www.womenshealthmag.com/fitness/a27395974/how-to-become-more-flexible/#:~:text=Post%2Dworkout%2C%20go%20for%20those,foam%20rolling%20and%20active%20stretching."
20 Ways To Spice Up Your Sex Life,/sex-and-love/a19964722/spice-up-sex-life-with-kink/
30 Common Sex Fantasies To Try With Your Partner ,/sex-and-love/a29501609/common-sexual-fantasies/
these exist,https://go.redirectingat.com/?id=74968X1576255&url=https%3A%2F%2Fwww.babeland.com%2Fsex-toys%2Fp%2FBL28307%2Fdoc-johnson%2Foptimale-ppa-extender
G-spot stimulation,https://www.womenshealthmag.com/sex-and-love/a19927155/how-to-find-your-own-g-spot/
Just A Glossary Of Sex Terms You Should Know ,/sex-and-love/a37549782/sex-terms-you-should-know/
"Yes, You Can Make 69ing Hot And Not Awkward",/sex-and-love/a19997064/ways-to-make-69-better/
sex pillow,https://www.womenshealthmag.com/sex-and-love/a20682700/sex-pillow/
Dame Pillo,https://go.redirectingat.com/?id=74968X1576255&url=https%3A%2F%2Fwww.babeland.com%2Fsex-toys%2Fp%2FBLD482076%2Fdame%2Fpillo%3Flref%3DSrch%7Cdame%2Bpillo%7Ca%7C1%7Cc%7C0%7C-relevance%7Csearch_page%7C0
Liberator,https://go.redirectingat.com/?id=74968X1576255&url=https%3A%2F%2Fwww.adameve.com%2Fadult-sex-toys%2Fkinky-bondage%2Fliberators-position-aids%2Fsp-liberator-wedge-7399.aspx
The 17 Hottest Kama Sutra Sex Positions To Try Now,/sex-and-love/g28830513/kamasutra-sex-positions/
The Best Sex Resorts To Add To Your Vacation List,/sex-and-love/g37515204/best-sex-resort/
Gabrielle Kassel,/author/217570/gabrielle-kassel/
Bad In Bed,https://urldefense.com/v3/__https:/podcasts.apple.com/us/podcast/bad-in-bed/id1562017802__;!!Ivohdkk!hYImLUPJxOclYui8iGtflSuq8wzbEpibfXC7IZVd-JSnmLa4yfD1TzRAmvI4wFGR30xzgY8uF0uPcScpefq-4yh1JF7uEg$
@Gabriellekassel,https://urldefense.com/v3/__https:/www.instagram.com/gabriellekassel/__;!!Ivohdkk!hYImLUPJxOclYui8iGtflSuq8wzbEpibfXC7IZVd-JSnmLa4yfD1TzRAmvI4wFGR30xzgY8uF0uPcScpefq-4yjzjUhLNQ$
Sex and Love,/sex-and-love/
Your 7-Step Guide To Nailing Tantric Sex ,/sex-and-love/g19890114/tantric-sex/
"Behold, The 43 Sexiest Movie Kisses Of All Time",/sex-and-love/g43753800/sexiest-movie-kisses/
How To Make Yourself Squirt During Sex ,/sex-and-love/a19971929/make-yourself-squirt/
Here's Exactly How To Masturbate As A Woman,/sex-and-love/a19898988/masturbation-fun/
15 Best Organic And Vegan Condoms Of 2023,/sex-and-love/g43688045/organic-vegan-condoms/
24 Oral Sex Toys That Actually Feel Like A Tongue,/sex-and-love/g22186370/best-oral-sex-toys/
These Are The 22 Best G-Spot Vibrators Of 2023,/sex-and-love/g28338485/best-g-spot-vibrators/
23 Best Quiet Vibrators To Masturbate In Peace,/sex-and-love/g27699103/best-quiet-vibrators/
Here's Why You Feel Physically Ill After A Breakup,/sex-and-love/a43685569/lovesickness/
Your May 2023 Sex Horoscope Is Here,/sex-and-love/g43702214/may-2023-sex-horoscope-predictions/
"What A Blowjob Feels Like, According To 14 Men",/sex-and-love/a43742557/what-does-blowjob-feel-like/
You Need One Of These Lubes For Anal Sex,/sex-and-love/g23102808/best-lubes-for-anal-sex/
,/
,https://twitter.com/WomensHealthMag
,https://www.youtube.com/channel/UCk4di8t80ySV8WIbX00ol8w
,https://www.facebook.com/womenshealthmagazine/
,https://www.instagram.com/womenshealthmag/
,https://www.pinterest.com/womenshealthmag/
About Women's Health,/about/a24170223/about-womens-health/
Newsletter,/email/womenshealthmag-newsletter
Customer Care,https://service.womenshealthmag.com/login?redirect=%2F
Advertise,/about/a16637419/advertise-with-us/
Media Kit,http://womenshealthmediakit.com/r5/home.asp
Other Hearst Subscriptions,https://w1.buysub.com/pubs/HR/A14/Hearst_Subscription_LP.jsp?cds_mag_code=A14&cds_page_id=257255
Subscribe,https://shop.womenshealthmag.com/womens-health-all-access-membership.html?source=whl-footer
Give a Gift,https://shop.womenshealthmag.com/womenshealth-magazine.html?source=whl_membershipredirect&cds_tracking_code=footer&_ga=2.155226367.599031491.1634602137-163550226.1632152233
Privacy Notice,https://www.hearst.com/-/us-magazines-privacy-notice
CA Notice at Collection,https://www.hearst.com/-/us-magazines-privacy-notice#_ADDITIONAL_INFO
Your CA Privacy Rights/Shine the Light,https://www.hearst.com/-/us-magazines-privacy-notice#_ADDITIONAL_INFO
DAA Industry Opt Out,https://www.hearst.com/-/us-magazines-privacy-notice#_OPT_OUTS
Terms of Use,https://www.hearst.com/-/us-magazines-terms-of-use
Site Map,/sitemap/
Your Privacy Choices: Opt Out of Sale/Targeted Ads,/about/a42159672/do-not-sell-my-personal-information/
